{
    "llvm": {
        "standardized_mse": 0.15822769393340574,
        "corr": 0.7033098671019044
    },
    "flux-core": {
        "standardized_mse": 0.24010249337489112,
        "corr": 0.7111219252191416
    },
    "camp": {
        "standardized_mse": 0.36856022189998655,
        "corr": 0.7101604219339298
    },
    "py-tensorflow": {
        "standardized_mse": 0.21525279443412668,
        "corr": 0.5728695088370955
    },
    "paraview": {
        "standardized_mse": 0.20224483945153665,
        "corr": 0.5966562118830935
    },
    "py-pandas": {
        "standardized_mse": 0.22341534435548863,
        "corr": 0.7592243311088552
    },
    "mesa": {
        "standardized_mse": 0.2755829043021043,
        "corr": 0.6319956843812901
    },
    "gromacs": {
        "standardized_mse": 0.5061046262983975,
        "corr": 0.8540449508849173
    },
    "intel-tbb": {
        "standardized_mse": 0.3166959911704027,
        "corr": 0.5903410673575477
    },
    "openpmd-api": {
        "standardized_mse": 0.272019731579724,
        "corr": 0.44509767484939605
    },
    "py-numexpr": {
        "standardized_mse": 0.29429660244016004,
        "corr": 0.5974224267556982
    },
    "py-pytz": {
        "standardized_mse": 0.346932281469209,
        "corr": 0.5923456813101526
    },
    "py-wheel": {
        "standardized_mse": 0.40604116076590624,
        "corr": 0.5117108336094823
    },
    "libxrender": {
        "standardized_mse": 0.28670373015594475,
        "corr": 0.6635166364198533
    },
    "meson": {
        "standardized_mse": 0.3414695246562603,
        "corr": 0.6423084140889853
    },
    "py-mpi4py": {
        "standardized_mse": 0.3433177717297247,
        "corr": 0.6858796381523543
    },
    "py-numpy": {
        "standardized_mse": 0.3587261736038987,
        "corr": 0.7426057583866749
    },
    "py-flit-core": {
        "standardized_mse": 0.3455587320522298,
        "corr": 0.6138397318650579
    },
    "py-markupsafe": {
        "standardized_mse": 0.3390404133469612,
        "corr": 0.6737731411482365
    },
    "conduit": {
        "standardized_mse": 0.20417530189849764,
        "corr": 0.6414499108055486
    },
    "py-tomli": {
        "standardized_mse": 0.37565297238844636,
        "corr": 0.5762077172897099
    },
    "py-cycler": {
        "standardized_mse": 0.5158377181070262,
        "corr": 0.6962981469878047
    },
    "boost": {
        "standardized_mse": 0.19790615258247993,
        "corr": 0.5712784843592811
    },
    "libx11": {
        "standardized_mse": 0.2837417896023576,
        "corr": 0.7505456445483718
    },
    "py-versioneer": {
        "standardized_mse": 0.3348441091740776,
        "corr": 0.6560540834973406
    },
    "py-setuptools": {
        "standardized_mse": 0.3986298296587274,
        "corr": 0.5743333527954966
    },
    "ninja": {
        "standardized_mse": 0.44813409365694246,
        "corr": 0.6847663075135765
    },
    "py-mako": {
        "standardized_mse": 0.3634183622625147,
        "corr": 0.6034505999256555
    },
    "libxcb": {
        "standardized_mse": 0.4195902870777725,
        "corr": 0.7034362839911451
    },
    "ascent": {
        "standardized_mse": 0.14897046745785827,
        "corr": 0.7223724534654228
    },
    "py-pyproject-metadata": {
        "standardized_mse": 0.3547627449541966,
        "corr": 0.6491387837389706
    },
    "py-bottleneck": {
        "standardized_mse": 0.33169150122025226,
        "corr": 0.5496698113173688
    },
    "mpich": {
        "standardized_mse": 0.17471021251577434,
        "corr": 0.6003844225744357
    },
    "py-contourpy": {
        "standardized_mse": 0.3286988494219366,
        "corr": 0.6371439619030186
    },
    "py-setuptools-scm": {
        "standardized_mse": 0.3620785808613007,
        "corr": 0.6061391776070305
    },
    "py-cppy": {
        "standardized_mse": 0.28191305547188095,
        "corr": 0.7606001770167072
    },
    "libxext": {
        "standardized_mse": 0.3031021525920218,
        "corr": 0.6946916377077814
    },
    "py-cython": {
        "standardized_mse": 0.2515302094818536,
        "corr": 0.6659545054491448
    },
    "netcdf-c": {
        "standardized_mse": 0.3753951988681816,
        "corr": 0.6473995679997531
    },
    "py-kiwisolver": {
        "standardized_mse": 0.3403521862865974,
        "corr": 0.6748124747799791
    },
    "py-packaging": {
        "standardized_mse": 0.3728088858294477,
        "corr": 0.589807711570222
    },
    "hdf5": {
        "standardized_mse": 0.2374382423393188,
        "corr": 0.6562404485391747
    },
    "py-certifi": {
        "standardized_mse": 0.38096711070750705,
        "corr": 0.6082244607117527
    },
    "py-matplotlib": {
        "standardized_mse": 0.3401473061531572,
        "corr": 0.685274364633362
    },
    "sz": {
        "standardized_mse": 0.3882809356679144,
        "corr": 0.6267802946326094
    },
    "adios2": {
        "standardized_mse": 0.23839772865413758,
        "corr": 0.6594840575838798
    },
    "libxt": {
        "standardized_mse": 0.3026578902642955,
        "corr": 0.6704626026951699
    },
    "openmpi": {
        "standardized_mse": 0.21019114613733925,
        "corr": 0.6605248254564552
    },
    "yaksa": {
        "standardized_mse": 0.3660734814387996,
        "corr": 0.8483529827033046
    },
    "py-six": {
        "standardized_mse": 0.3380976863350215,
        "corr": 0.590881752245671
    },
    "rdma-core": {
        "standardized_mse": 0.379799991275375,
        "corr": 0.787381253575655
    },
    "py-pip": {
        "standardized_mse": 0.34882838972573593,
        "corr": 0.5345011390594115
    },
    "xcb-proto": {
        "standardized_mse": 0.38553572229658634,
        "corr": 0.7020057051873003
    },
    "libcatalyst": {
        "standardized_mse": 0.346916015816499,
        "corr": 0.798989811620781
    },
    "python": {
        "standardized_mse": 0.35727468084288144,
        "corr": 0.7537975733845185
    },
    "py-pillow": {
        "standardized_mse": 0.38595749071393565,
        "corr": 0.6669233011318204
    },
    "py-python-dateutil": {
        "standardized_mse": 0.33666723784092917,
        "corr": 0.6421331002842641
    },
    "py-pyparsing": {
        "standardized_mse": 0.29298526800032,
        "corr": 0.683078665715255
    },
    "openssh": {
        "standardized_mse": 0.3128824882798186,
        "corr": 0.71071369129503
    },
    "py-typing-extensions": {
        "standardized_mse": 0.3382676565784877,
        "corr": 0.6208475635082573
    },
    "py-pybind11": {
        "standardized_mse": 0.3402144422176809,
        "corr": 0.6347259859254776
    },
    "mgard": {
        "standardized_mse": 0.4486342786534242,
        "corr": 0.6170552549150331
    },
    "py-fonttools": {
        "standardized_mse": 0.34037595114446656,
        "corr": 0.647273946883131
    },
    "git": {
        "standardized_mse": 0.31678462420857795,
        "corr": 0.823604527406229
    },
    "py-torch": {
        "standardized_mse": 0.2743420524730954,
        "corr": 0.6378878291699714
    },
    "cmake": {
        "standardized_mse": 0.30992883340433725,
        "corr": 0.6473675324696034
    },
    "kvtree": {
        "standardized_mse": 0.3627057165386978,
        "corr": 0.7436395196634028
    },
    "py-h5py": {
        "standardized_mse": 0.23064877827766503,
        "corr": 0.6262324583242175
    },
    "hypre": {
        "standardized_mse": 0.4409844911467291,
        "corr": 0.48134186950953867
    },
    "mfem": {
        "standardized_mse": 0.29477557492571077,
        "corr": 0.597812132644236
    },
    "netlib-scalapack": {
        "standardized_mse": 0.30553244871036134,
        "corr": 0.7005000992528344
    },
    "fftw": {
        "standardized_mse": 0.2348889732057488,
        "corr": 0.8165575266721378
    },
    "parallel-netcdf": {
        "standardized_mse": 0.433073788155362,
        "corr": 0.8667376455846538
    },