{
    "none": {
        "total": 360,
        "correct": 13.0,
        "accuracy": 0.03611111111111111
    },
    "io.archspec": {
        "total": 360,
        "correct": 23.0,
        "accuracy": 0.06388888888888888
    },
    "os": {
        "total": 360,
        "correct": 46.5,
        "accuracy": 0.12916666666666668
    },
    "mpi": {
        "total": 360,
        "correct": 20.5,
        "accuracy": 0.05694444444444444
    },
    "hardware": {
        "total": 360,
        "correct": 17.0,
        "accuracy": 0.04722222222222222
    },
    "io.archspec+os": {
        "total": 360,
        "correct": 74.0,
        "accuracy": 0.20555555555555555
    },
    "io.archspec+os+mpi": {
        "total": 360,
        "correct": 231.0,
        "accuracy": 0.6416666666666667
    },
    "io.archspec+os+mpi+hardware": {
        "total": 360,
        "correct": 360.0,
        "accuracy": 1.0
    }
}