{
    "trilinos": {
        "scores": [
            0.6666666666666666,
            0.7777777777777778,
            0.75,
            0.7222222222222222,
            0.7428571428571429,
            0.8,
            0.7428571428571429,
            0.8857142857142857,
            0.8285714285714286,
            0.8857142857142857
        ],
        "mean_score": 0.7802380952380952,
        "splits": 10
    },
    "veloc": {
        "scores": [
            1.0,
            1.0,
            1.0,
            1.0,
            1.0,
            1.0,
            1.0,
            1.0,
            1.0,
            1.0
        ],
        "mean_score": 1.0,
        "splits": 10
    },
    "papyrus": {
        "scores": [
            0.9130434782608695,
            0.9347826086956522,
            0.9565217391304348,
            0.9239130434782609,
            0.967391304347826,
            1.0,
            0.9120879120879121,
            0.9560439560439561,
            0.9230769230769231,
            0.9560439560439561
        ],
        "mean_score": 0.9442904921165791,
        "splits": 10
    },
    "phist": {
        "scores": [
            0.9298245614035088,
            0.9649122807017544,
            0.9298245614035088,
            0.9473684210526315,
            0.8947368421052632,
            0.8571428571428571,
            0.9285714285714286,
            0.9285714285714286,
            0.9464285714285714,
            0.9464285714285714
        ],
        "mean_score": 0.9273809523809524,
        "splits": 10
    },
    "openmpi": {
        "score": 0.9375,
        "splits": 1
    },
    "mpark-variant": {
        "scores": [
            0.6,
            0.65,
            0.55,
            0.6,
            0.65,
            0.7,
            0.631578947368421,
            0.631578947368421,
            0.631578947368421,
            0.5789473684210527
        ],
        "mean_score": 0.6223684210526317,
        "splits": 10
    },
    "ascent": {
        "scores": [
            0.6666666666666666,
            0.6666666666666666,
            0.8333333333333334,
            0.5,
            0.8333333333333334,
            1.0,
            0.6,
            0.8,
            0.4,
            0.8
        ],
        "mean_score": 0.7100000000000001,
        "splits": 10
    },
    "omega-h": {
        "scores": [
            0.7659574468085106,
            0.8723404255319149,
            0.8723404255319149,
            0.8723404255319149,
            0.851063829787234,
            0.851063829787234,
            0.9565217391304348,
            0.9347826086956522,
            0.9130434782608695,
            0.9130434782608695
        ],
        "mean_score": 0.8802497687326548,
        "splits": 10
    },
    "abyss": {
        "score": 0.9933333333333333,
        "splits": 1
    },
    "libquo": {
        "scores": [
            1.0,
            1.0,
            1.0,
            1.0,
            1.0,
            1.0,
            1.0,
            1.0,
            1.0,
            1.0
        ],
        "mean_score": 1.0,
        "splits": 10
    },
    "axom": {
        "score": 1.0,
        "splits": 1
    },
    "parallel-netcdf": {
        "score": 0.896551724137931,
        "splits": 1
    },
    "arborx": {
        "scores": [
            0.9333333333333333,
            0.9555555555555556,
            0.9555555555555556,
            0.8888888888888888,
            0.9111111111111111,
            0.9555555555555556,
            0.9555555555555556,
            0.9333333333333333,
            0.9333333333333333,
            0.9772727272727273
        ],
        "mean_score": 0.9399494949494949,
        "splits": 10
    },
    "unifyfs": {
        "score": 1.0,
        "splits": 1
    },
    "py-petsc4py": {
        "score": 1.0,
        "splits": 1
    },
    "qwt": {
        "scores": [
            1.0,
            0.6666666666666666,
            1.0,
            1.0,
            1.0,
            0.5,
            1.0,
            1.0,
            1.0,
            0.5
        ],
        "mean_score": 0.8666666666666666,
        "splits": 10
    },
    "rempi": {
        "scores": [
            0.8333333333333334,
            0.9444444444444444,
            0.9444444444444444,
            0.8888888888888888,
            0.8888888888888888,
            0.9444444444444444,
            0.7777777777777778,
            1.0,
            1.0,
            0.9411764705882353
        ],
        "mean_score": 0.9163398692810457,
        "splits": 10
    },
    "qt": {
        "score": 0.96,
        "splits": 1
    },
    "scr": {
        "score": 0.8695652173913043,
        "splits": 1
    },
    "adios": {
        "score": 1.0,
        "splits": 1
    },
    "ninja": {
        "scores": [
            0.8888888888888888,
            0.7580645161290323,
            0.8064516129032258,
            0.7580645161290323,
            0.9032258064516129,
            0.8387096774193549,
            0.8225806451612904,
            0.8225806451612904,
            0.8064516129032258,
            0.7741935483870968
        ],
        "mean_score": 0.8179211469534049,
        "splits": 10
    },
    "py-libensemble": {
        "score": 1.0,
        "splits": 1
    },
    "kokkos": {
        "scores": [
            0.6349206349206349,
            0.5396825396825397,
            0.5873015873015873,
            0.5396825396825397,
            0.5396825396825397,
            0.6451612903225806,
            0.6451612903225806,
            0.5161290322580645,
            0.532258064516129,
            0.6129032258064516
        ],
        "mean_score": 0.5792882744495648,
        "splits": 10
    },
    "superlu-dist": {
        "score": 0.8266666666666667,
        "splits": 1
    },
    "mercury": {
        "scores": [
            0.95,
            0.9,
            0.9,
            0.9,
            0.95,
            0.9,
            0.9,
            0.8833333333333333,
            0.95,
            0.847457627118644
        ],
        "mean_score": 0.9080790960451977,
        "splits": 10
    },
    "pumi": {
        "scores": [
            0.9787234042553191,
            0.9893617021276596,
            0.9680851063829787,
            0.9893617021276596,
            0.9893617021276596,
            0.9680851063829787,
            0.9680851063829787,
            0.9574468085106383,
            0.9574468085106383,
            0.978494623655914
        ],
        "mean_score": 0.9744452070464427,
        "splits": 10
    },
    "pdt": {
        "score": 1.0,
        "splits": 1
    },
    "slepc": {
        "scores": [
            1.0,
            1.0,
            1.0,
            1.0,
            1.0,
            1.0,
            1.0,
            1.0,
            1.0,
            1.0
        ],
        "mean_score": 1.0,
        "splits": 10
    },
    "tasmanian": {
        "scores": [
            0.9240506329113924,
            0.8734177215189873,
            0.9493670886075949,
            0.9358974358974359,
            0.9487179487179487,
            0.9487179487179487,
            0.9487179487179487,
            0.9487179487179487,
            0.9358974358974359,
            0.9487179487179487
        ],
        "mean_score": 0.936222005842259,
        "splits": 10
    },
    "slate": {
        "scores": [
            0.9,
            1.0,
            1.0,
            0.9,
            1.0,
            1.0,
            1.0,
            1.0,
            1.0,
            0.8888888888888888
        ],
        "mean_score": 0.968888888888889,
        "splits": 10
    },
    "qthreads": {
        "score": 1.0,
        "splits": 1
    },
    "amrex": {
        "scores": [
            1.0,
            0.9473684210526315,
            0.9824561403508771,
            1.0,
            0.9473684210526315,
            0.9649122807017544,
            1.0,
            1.0,
            1.0,
            1.0
        ],
        "mean_score": 0.9842105263157894,
        "splits": 10
    },